{
    "modelPath": "/sdcard/Android/data/rockiva_data",
    "license": "",
    "coreMask": 0,
    "channelId": 0,
    "imageInfo": {
        "width": 1920,
        "height": 1080,
        "format": 0,
        "transformMode": 0
    },
    "detObjectType": 9,
    "face": {
        "mode": 0,
        "faceTaskType": {
            "faceCaptureEnable": 1,
            "faceRecognizeEnable": 1,
            "faceAttributeEnable": 1,
            "relatedPersonEnable": 0
        },
        "faceCaptureRule": {
            "sensitivity": 0,
            "detectAreaEn": 0,
            "qualityFilterMode": 0,
            "qualityConfig": {
                "minScore": 60,
                "minSize": 30
            },
            "faceCapacity": {
                "maxCaptureNum": 10
            },
            "captureImageConfig": {
                "mode": 1,
                "resizeMode": 1,
                "alignWidth": 16,
                "expand": {
                    "up": 1.0,
                    "down": 1.0,
                    "left": 1.0,
                    "right": 1.0
                },
                "imageInfo": {
                    "width": 240,
                    "height": 320,
                    "format": 1
                }
            },
            "optType": 1,
            "optBestOverTime": 10000,
            "captureWithMask": 1
        }
    }
}