{
    "modelPath": "/sdcard/Android/data/rockiva_data",
    "license": "",
    "workMode": 1,
    "coreMask": 0,
    "channelId": 0,
    "imageInfo": {
        "width": 1920,
        "height": 1080,
        "format": 0,
        "transformMode": 0
    },
    "detObjectType": 9,
    "face": {
        "mode": 1,
        "faceTaskType": {
            "faceCaptureEnable": 0,
            "faceRecognizeEnable": 1,
            "faceAttributeEnable": 0,
            "relatedPersonEnable": 0
        },
        "faceCaptureRule": {
            "sensitivity": 0,
            "detectAreaEn": 0,
            "qualityFilterMode": 0,
            "qualityConfig": {
                "minScore": 50,
                "minSize": 30
            }
        }
    }
}